{
    "$schema": "https://schema.management.azure.com/schemas/2015-01-01/deploymentParameters.json#",
    "contentVersion": "1.0.0.0",
    "parameters": {
        "loadBalancers_kubernetes_name": {
            "value": null
        },
        "networkSecurityGroups_aks_agentpool_27750419_nsg_name": {
            "value": null
        },
        "virtualMachineScaleSets_aks_agentpool_27750419_vmss_name": {
            "value": null
        },
        "publicIPAddresses_215274ea_353f_4679_a794_b172be14c482_name": {
            "value": null
        },
        "publicIPAddresses_kubernetes_a8a12ab273a5411eab698e69d2520b1e_name": {
            "value": null
        },
        "disks_kubernetes_dynamic_pvc_066dcf22_3a08_11ea_b698_e69d2520b1e8_name": {
            "value": null
        },
        "disks_kubernetes_dynamic_pvc_066f0b0c_3a08_11ea_b698_e69d2520b1e8_name": {
            "value": null
        },
        "disks_kubernetes_dynamic_pvc_0775d693_3a08_11ea_b698_e69d2520b1e8_name": {
            "value": null
        },
        "disks_kubernetes_dynamic_pvc_077dad04_3a08_11ea_b698_e69d2520b1e8_name": {
            "value": null
        },
        "disks_kubernetes_dynamic_pvc_078b46a2_3a08_11ea_b698_e69d2520b1e8_name": {
            "value": null
        },
        "disks_kubernetes_dynamic_pvc_7f1c9862_3a0b_11ea_b698_e69d2520b1e8_name": {
            "value": null
        },
        "disks_kubernetes_dynamic_pvc_8aa5fab1_3a0d_11ea_b698_e69d2520b1e8_name": {
            "value": null
        },
        "disks_kubernetes_dynamic_pvc_8abd1907_3a0d_11ea_b698_e69d2520b1e8_name": {
            "value": null
        },
        "disks_kubernetes_dynamic_pvc_d8f2d9ef_3a0b_11ea_b698_e69d2520b1e8_name": {
            "value": null
        },
        "disks_kubernetes_dynamic_pvc_ee988932_3a0a_11ea_b698_e69d2520b1e8_name": {
            "value": null
        },
        "virtualNetworks_SAPDataHub_AKS_vnet_externalid": {
            "value": null
        },
        "disks_aks_agentpool_277504aks_agentpool_2775041OS__1_04dfb1f7f361422dab3465436371c225_externalid": {
            "value": null
        },
        "disks_aks_agentpool_277504aks_agentpool_2775041OS__1_84c9ae0f6b9346128057b076578d3bb9_externalid": {
            "value": null
        },
        "disks_aks_agentpool_277504aks_agentpool_2775041OS__1_55d4b1d4112f4a53890ce2f6fc26de50_externalid": {
            "value": null
        }
    }
}