{
    "$schema": "https://schema.management.azure.com/schemas/2015-01-01/deploymentParameters.json#",
    "contentVersion": "1.0.0.0",
    "parameters": {
        "virtualMachines_AKSVM_name": {
            "value": null
        },
        "networkInterfaces_aksvm125_name": {
            "value": null
        },
        "publicIPAddresses_AKSVM_ip_name": {
            "value": null
        },
        "networkSecurityGroups_AKSVM_nsg_name": {
            "value": null
        },
        "managedClusters_datahub_name": {
            "value": null
        },
        "storageAccounts_sapdatahubaksdiag_name": {
            "value": null
        },
        "virtualNetworks_SAPDataHub_AKS_vnet_name": {
            "value": null
        },
        "workspaces_DefaultWorkspace_072c0ea5_07de_4485_bd3f_9bd3d399c683_SEA_externalid": {
            "value": null
        },
        "publicIPAddresses_215274ea_353f_4679_a794_b172be14c482_externalid": {
            "value": null
        }
    }
}