{
    "$schema": "https://schema.management.azure.com/schemas/2015-01-01/deploymentTemplate.json#",
    "contentVersion": "1.0.0.0",
    "parameters": {
        "virtualMachines_AKSVM_name": {
            "defaultValue": "AKSVM",
            "type": "String"
        },
        "networkInterfaces_aksvm125_name": {
            "defaultValue": "aksvm125",
            "type": "String"
        },
        "publicIPAddresses_AKSVM_ip_name": {
            "defaultValue": "AKSVM-ip",
            "type": "String"
        },
        "networkSecurityGroups_AKSVM_nsg_name": {
            "defaultValue": "AKSVM-nsg",
            "type": "String"
        },
        "managedClusters_datahub_name": {
            "defaultValue": "datahub",
            "type": "String"
        },
        "storageAccounts_sapdatahubaksdiag_name": {
            "defaultValue": "sapdatahubaksdiag",
            "type": "String"
        },
        "virtualNetworks_SAPDataHub_AKS_vnet_name": {
            "defaultValue": "SAPDataHub_AKS-vnet",
            "type": "String"
        },
        "workspaces_DefaultWorkspace_072c0ea5_07de_4485_bd3f_9bd3d399c683_SEA_externalid": {
            "defaultValue": "/subscriptions/072c0ea5-07de-4485-bd3f-9bd3d399c683/resourceGroups/DefaultResourceGroup-SEA/providers/Microsoft.OperationalInsights/workspaces/DefaultWorkspace-072c0ea5-07de-4485-bd3f-9bd3d399c683-SEA",
            "type": "String"
        },
        "publicIPAddresses_215274ea_353f_4679_a794_b172be14c482_externalid": {
            "defaultValue": "/subscriptions/072c0ea5-07de-4485-bd3f-9bd3d399c683/resourceGroups/MC_SAPDataHub_AKS_datahub_southeastasia/providers/Microsoft.Network/publicIPAddresses/215274ea-353f-4679-a794-b172be14c482",
            "type": "String"
        }
    },
    "variables": {},
    "resources": [
        {
            "type": "Microsoft.Network/networkSecurityGroups",
            "apiVersion": "2019-11-01",
            "name": "[parameters('networkSecurityGroups_AKSVM_nsg_name')]",
            "location": "southeastasia",
            "properties": {
                "securityRules": [
                    {
                        "name": "SSH",
                        "properties": {
                            "protocol": "TCP",
                            "sourcePortRange": "*",
                            "destinationPortRange": "22",
                            "sourceAddressPrefix": "*",
                            "destinationAddressPrefix": "*",
                            "access": "Allow",
                            "priority": 300,
                            "direction": "Inbound",
                            "sourcePortRanges": [],
                            "destinationPortRanges": [],
                            "sourceAddressPrefixes": [],
                            "destinationAddressPrefixes": []
                        }
                    }
                ]
            }
        },
        {
            "type": "Microsoft.Network/publicIPAddresses",
            "apiVersion": "2019-11-01",
            "name": "[parameters('publicIPAddresses_AKSVM_ip_name')]",
            "location": "southeastasia",
            "sku": {
                "name": "Basic"
            },
            "properties": {
                "ipAddress": "13.76.179.7",
                "publicIPAddressVersion": "IPv4",
                "publicIPAllocationMethod": "Static",
                "idleTimeoutInMinutes": 4,
                "ipTags": []
            }
        },
        {
            "type": "Microsoft.Network/virtualNetworks",
            "apiVersion": "2019-11-01",
            "name": "[parameters('virtualNetworks_SAPDataHub_AKS_vnet_name')]",
            "location": "southeastasia",
            "properties": {
                "addressSpace": {
                    "addressPrefixes": [
                        "10.0.0.0/8"
                    ]
                },
                "subnets": [
                    {
                        "name": "default",
                        "properties": {
                            "addressPrefix": "10.240.0.0/16",
                            "delegations": [],
                            "privateEndpointNetworkPolicies": "Enabled",
                            "privateLinkServiceNetworkPolicies": "Enabled"
                        }
                    }
                ],
                "virtualNetworkPeerings": [],
                "enableDdosProtection": false,
                "enableVmProtection": false
            }
        },
        {
            "type": "Microsoft.Storage/storageAccounts",
            "apiVersion": "2019-06-01",
            "name": "[parameters('storageAccounts_sapdatahubaksdiag_name')]",
            "location": "southeastasia",
            "sku": {
                "name": "Standard_LRS",
                "tier": "Standard"
            },
            "kind": "Storage",
            "properties": {
                "networkAcls": {
                    "bypass": "AzureServices",
                    "virtualNetworkRules": [],
                    "ipRules": [],
                    "defaultAction": "Allow"
                },
                "supportsHttpsTrafficOnly": true,
                "encryption": {
                    "services": {
                        "file": {
                            "enabled": true
                        },
                        "blob": {
                            "enabled": true
                        }
                    },
                    "keySource": "Microsoft.Storage"
                }
            }
        },
        {
            "type": "Microsoft.ContainerService/managedClusters",
            "apiVersion": "2020-01-01",
            "name": "[parameters('managedClusters_datahub_name')]",
            "location": "southeastasia",
            "dependsOn": [
                "[resourceId('Microsoft.Network/virtualNetworks/subnets', parameters('virtualNetworks_SAPDataHub_AKS_vnet_name'), 'default')]"
            ],
            "properties": {
                "kubernetesVersion": "1.14.8",
                "dnsPrefix": "[concat(parameters('managedClusters_datahub_name'), '-dns')]",
                "agentPoolProfiles": [
                    {
                        "name": "agentpool",
                        "count": 3,
                        "vmSize": "Standard_E4_v3",
                        "osDiskSizeGB": 100,
                        "vnetSubnetID": "[resourceId('Microsoft.Network/virtualNetworks/subnets', parameters('virtualNetworks_SAPDataHub_AKS_vnet_name'), 'default')]",
                        "maxPods": 30,
                        "type": "VirtualMachineScaleSets",
                        "orchestratorVersion": "1.14.8",
                        "osType": "Linux"
                    }
                ],
                "servicePrincipalProfile": {
                    "clientId": "7999d24c-b014-4409-ae77-29116a842bd1"
                },
                "addonProfiles": {
                    "httpApplicationRouting": {
                        "enabled": false
                    },
                    "omsagent": {
                        "enabled": true,
                        "config": {
                            "logAnalyticsWorkspaceResourceID": "[parameters('workspaces_DefaultWorkspace_072c0ea5_07de_4485_bd3f_9bd3d399c683_SEA_externalid')]"
                        }
                    }
                },
                "nodeResourceGroup": "[concat('MC_SAPDataHub_AKS_', parameters('managedClusters_datahub_name'), '_southeastasia')]",
                "enableRBAC": true,
                "networkProfile": {
                    "networkPlugin": "azure",
                    "loadBalancerSku": "Standard",
                    "loadBalancerProfile": {
                        "managedOutboundIPs": {
                            "count": 1
                        },
                        "effectiveOutboundIPs": [
                            {
                                "id": "[parameters('publicIPAddresses_215274ea_353f_4679_a794_b172be14c482_externalid')]"
                            }
                        ]
                    },
                    "serviceCidr": "10.0.0.0/16",
                    "dnsServiceIP": "10.0.0.10",
                    "dockerBridgeCidr": "172.17.0.1/16",
                    "outboundType": "loadBalancer"
                }
            }
        },
        {
            "type": "Microsoft.Network/networkSecurityGroups/securityRules",
            "apiVersion": "2019-11-01",
            "name": "[concat(parameters('networkSecurityGroups_AKSVM_nsg_name'), '/SSH')]",
            "dependsOn": [
                "[resourceId('Microsoft.Network/networkSecurityGroups', parameters('networkSecurityGroups_AKSVM_nsg_name'))]"
            ],
            "properties": {
                "protocol": "TCP",
                "sourcePortRange": "*",
                "destinationPortRange": "22",
                "sourceAddressPrefix": "*",
                "destinationAddressPrefix": "*",
                "access": "Allow",
                "priority": 300,
                "direction": "Inbound",
                "sourcePortRanges": [],
                "destinationPortRanges": [],
                "sourceAddressPrefixes": [],
                "destinationAddressPrefixes": []
            }
        },
        {
            "type": "Microsoft.Network/virtualNetworks/subnets",
            "apiVersion": "2019-11-01",
            "name": "[concat(parameters('virtualNetworks_SAPDataHub_AKS_vnet_name'), '/default')]",
            "dependsOn": [
                "[resourceId('Microsoft.Network/virtualNetworks', parameters('virtualNetworks_SAPDataHub_AKS_vnet_name'))]"
            ],
            "properties": {
                "addressPrefix": "10.240.0.0/16",
                "delegations": [],
                "privateEndpointNetworkPolicies": "Enabled",
                "privateLinkServiceNetworkPolicies": "Enabled"
            }
        },
        {
            "type": "Microsoft.Storage/storageAccounts/blobServices",
            "apiVersion": "2019-06-01",
            "name": "[concat(parameters('storageAccounts_sapdatahubaksdiag_name'), '/default')]",
            "dependsOn": [
                "[resourceId('Microsoft.Storage/storageAccounts', parameters('storageAccounts_sapdatahubaksdiag_name'))]"
            ],
            "sku": {
                "name": "Standard_LRS"
            },
            "properties": {
                "cors": {
                    "corsRules": []
                },
                "deleteRetentionPolicy": {
                    "enabled": false
                }
            }
        },
        {
            "type": "Microsoft.Storage/storageAccounts/fileServices",
            "apiVersion": "2019-06-01",
            "name": "[concat(parameters('storageAccounts_sapdatahubaksdiag_name'), '/default')]",
            "dependsOn": [
                "[resourceId('Microsoft.Storage/storageAccounts', parameters('storageAccounts_sapdatahubaksdiag_name'))]"
            ],
            "sku": {
                "name": "Standard_LRS"
            },
            "properties": {
                "cors": {
                    "corsRules": []
                }
            }
        },
        {
            "type": "Microsoft.Compute/virtualMachines",
            "apiVersion": "2019-07-01",
            "name": "[parameters('virtualMachines_AKSVM_name')]",
            "location": "southeastasia",
            "dependsOn": [
                "[resourceId('Microsoft.Network/networkInterfaces', parameters('networkInterfaces_aksvm125_name'))]",
                "[resourceId('Microsoft.Storage/StorageAccounts', parameters('storageAccounts_sapdatahubaksdiag_name'))]"
            ],
            "properties": {
                "hardwareProfile": {
                    "vmSize": "Standard_D2s_v3"
                },
                "storageProfile": {
                    "imageReference": {
                        "publisher": "Canonical",
                        "offer": "UbuntuServer",
                        "sku": "18.04-LTS",
                        "version": "latest"
                    },
                    "osDisk": {
                        "osType": "Linux",
                        "name": "[concat(parameters('virtualMachines_AKSVM_name'), '_OsDisk_1_b2d9b7270af6485eba3296c6e9b5c22c')]",
                        "createOption": "FromImage",
                        "caching": "ReadWrite",
                        "managedDisk": {
                            "id": "[resourceId('Microsoft.Compute/disks', concat(parameters('virtualMachines_AKSVM_name'), '_OsDisk_1_b2d9b7270af6485eba3296c6e9b5c22c'))]"
                        }
                    },
                    "dataDisks": []
                },
                "osProfile": {
                    "computerName": "[parameters('virtualMachines_AKSVM_name')]",
                    "adminUsername": "i032156",
                    "linuxConfiguration": {
                        "disablePasswordAuthentication": false,
                        "provisionVMAgent": true
                    },
                    "secrets": [],
                    "allowExtensionOperations": true,
                    "requireGuestProvisionSignal": true
                },
                "networkProfile": {
                    "networkInterfaces": [
                        {
                            "id": "[resourceId('Microsoft.Network/networkInterfaces', parameters('networkInterfaces_aksvm125_name'))]"
                        }
                    ]
                },
                "diagnosticsProfile": {
                    "bootDiagnostics": {
                        "enabled": true,
                        "storageUri": "[concat('https://', parameters('storageAccounts_sapdatahubaksdiag_name'), '.blob.core.windows.net/')]"
                    }
                }
            }
        },
        {
            "type": "Microsoft.ContainerService/managedClusters/agentPools",
            "apiVersion": "2020-01-01",
            "name": "[concat(parameters('managedClusters_datahub_name'), '/agentpool')]",
            "dependsOn": [
                "[resourceId('Microsoft.ContainerService/managedClusters', parameters('managedClusters_datahub_name'))]",
                "[resourceId('Microsoft.Network/virtualNetworks/subnets', parameters('virtualNetworks_SAPDataHub_AKS_vnet_name'), 'default')]"
            ],
            "properties": {
                "count": 3,
                "vmSize": "Standard_E4_v3",
                "osDiskSizeGB": 100,
                "vnetSubnetID": "[resourceId('Microsoft.Network/virtualNetworks/subnets', parameters('virtualNetworks_SAPDataHub_AKS_vnet_name'), 'default')]",
                "maxPods": 30,
                "type": "VirtualMachineScaleSets",
                "orchestratorVersion": "1.14.8",
                "osType": "Linux"
            }
        },
        {
            "type": "Microsoft.Storage/storageAccounts/blobServices/containers",
            "apiVersion": "2019-06-01",
            "name": "[concat(parameters('storageAccounts_sapdatahubaksdiag_name'), '/default/bootdiagnostics-aksvm-8d781492-e0e3-4a7b-b0ca-62ecf0188190')]",
            "dependsOn": [
                "[resourceId('Microsoft.Storage/storageAccounts/blobServices', parameters('storageAccounts_sapdatahubaksdiag_name'), 'default')]",
                "[resourceId('Microsoft.Storage/storageAccounts', parameters('storageAccounts_sapdatahubaksdiag_name'))]"
            ],
            "properties": {
                "publicAccess": "None"
            }
        },
        {
            "type": "Microsoft.Network/networkInterfaces",
            "apiVersion": "2019-11-01",
            "name": "[parameters('networkInterfaces_aksvm125_name')]",
            "location": "southeastasia",
            "dependsOn": [
                "[resourceId('Microsoft.Network/publicIPAddresses', parameters('publicIPAddresses_AKSVM_ip_name'))]",
                "[resourceId('Microsoft.Network/virtualNetworks/subnets', parameters('virtualNetworks_SAPDataHub_AKS_vnet_name'), 'default')]",
                "[resourceId('Microsoft.Network/networkSecurityGroups', parameters('networkSecurityGroups_AKSVM_nsg_name'))]"
            ],
            "properties": {
                "ipConfigurations": [
                    {
                        "name": "ipconfig1",
                        "properties": {
                            "privateIPAddress": "10.240.0.97",
                            "privateIPAllocationMethod": "Dynamic",
                            "publicIPAddress": {
                                "id": "[resourceId('Microsoft.Network/publicIPAddresses', parameters('publicIPAddresses_AKSVM_ip_name'))]"
                            },
                            "subnet": {
                                "id": "[resourceId('Microsoft.Network/virtualNetworks/subnets', parameters('virtualNetworks_SAPDataHub_AKS_vnet_name'), 'default')]"
                            },
                            "primary": true,
                            "privateIPAddressVersion": "IPv4"
                        }
                    }
                ],
                "dnsSettings": {
                    "dnsServers": []
                },
                "enableAcceleratedNetworking": false,
                "enableIPForwarding": false,
                "networkSecurityGroup": {
                    "id": "[resourceId('Microsoft.Network/networkSecurityGroups', parameters('networkSecurityGroups_AKSVM_nsg_name'))]"
                }
            }
        }
    ]
}